捷運站,餐廳名稱,星級,評論數,熱門評論
台北車站,Yun-Chen Italian Restaurant,4.9,5095,"['氣氛非常好，燈光和裝飾讓人感覺非常平靜。食物非常美味，而且份量充足。工人們也都非常好。', '非常舒適且漂亮的餐廳。寬敞舒適。工作人員也很溫柔、有禮貌。很高興再次光臨！', '食物很棒，服務很棒👌位置很方便。強烈推薦。速度也超快！']"
台北車站,bb.q CHICKEN南西店,4.8,4563,"['美味的韓國炸雞搭配秘製醬汁味道很好，尤其是脆皮和多汁的外皮。秘製醬汁讓炸雞如此正宗、美味。此外，雞肉很肥美，您可以將骨頭放入提供的桶中。我點的飲料很特別，杯子上甚至還有一根蘇打冰棒。我猜飲料本身是由一些熱帶果汁、柑橘、碳酸飲料和其他我想不到的成分組成。簡而言之，這只是一種熱帶/夏季無酒精雞尾酒。喝上甜而不酸的無酒精雞尾酒，既解渴又放鬆。總而言之，這絕對是我從小到大吃過的最好吃的韓國炸雞。以一個人來說價格適中，但是份量很大。整體而言，這絕對是十分滿分！僅供參考，您可以在掃描二維碼後下訂單。帳單中包含10％的服務費，最低消費為200美元。', '我旅行期間在這裡吃過兩次！韓式雞肉太好吃了，我們只好再來。炒年糕也確實好吃。工作人員很細心、樂於助人！', '雞肉不錯，炸皮也不錯，但是有股油味，吃原味的話味道很明顯。辣子雞太瘋狂了！非常非常辣，小心！']"
台北車站,Golden Son Korea Pasta (Zhongshan),4.7,2520,"['整體來說還不錯。這家餐廳很有名。裝飾和氛圍都很美好、平靜。我建議您提早來或提前預訂。辣味義大利麵很辣（辣度3.5/5）。菠菜麵食很好吃（混合得很好）。但如果你混合醬汁，效果就會出奇的好🤩', '很棒的服務和美味的食物。請提前預訂', '在台北很難找到每人 300 至 400 美元以內的好地方。我們點了 3 份主菜和 1 份配菜，都很好。我最喜歡的是魷魚。']"
台北車站,Watami Kitchen Breeze Taipei Station Branch,4.6,1979,"['有可續杯的米飯、湯和無限量供應的牛奶軟冰淇淋，配有 6 種口味的糖漿和 3 種配料。抹茶糖漿軟冰淇淋是我最喜歡的選擇。此外，您還可以額外付費添加更多東西到您的套餐中，飲料吧的費用是每人 49 美元。日本和牛和米飯盒裝（399 美元）：如果您不喜歡和牛原來的熟度（中等），可以將和牛煮得更熟。隨後，大約 10 片和牛吃起來非常多汁且質地細膩。醬汁也與肉片和米飯完美搭配。這絕對是我嚐過的最好吃、最道地的日本便當。此外，套裝內還包含一顆蒸煮蛋和4道配菜。與牛丼不同，這裡沒有放洋蔥，只加了蔥。 （我不喜歡洋蔥，所以我寫了這條註釋）總之，如果您非常渴望嘗試和牛但又想以較低的價格購買，我強烈推薦這家餐廳，因為它的價格相對於其份量、價值和質量來說都相當合理。服務和速度也很好，很有效率。整體而言，這絕對是十分滿分！順便說一下，您可以掃描二維碼下單，最長用餐時間為 90 分鐘，不包含 10% 的服務費。餐具放在桌子側面的抽屜裡。', '食物一般。我們的菜裡沒有足夠的肉。優點是您可以隨意享用冰淇淋，配料包括抹茶粉、花生粉和紅糖漿。還有味噌湯和米飯。 Watami 位於二樓。', '真的很棒的自助燒烤，價格相當高，但食物的品質絕對令人驚嘆，絕對推薦給肉食愛好者！']"
台北車站,默爾 pasta pizza(台北誠品南西店),4.8,2905,"['我們在尋找吃飯的地方時偶然發現了這家餐廳，並且對我們的發現感到驚喜。雖然那天沒有披薩，但其他菜單選項都相當不錯。我親自嘗試了肉醬麵，對其中使用的真番茄印象深刻——這在許多餐廳中很少見。這種獨特的做法使它成為我最喜歡的菜餚之一，我絕對推薦大家嘗試一下。在我們訪問期間，餐廳也相對空曠，為我們帶來了安靜愉快的用餐體驗。', '烤蔬菜帶有煙燻香氣，味道清淡。以酵母麵團為原料製成的披薩，起司味十足，嚼勁十足。', '我很想吃義大利麵，偶然發現了這個地方。我和先生點了蛤蜊意麵和雞翅。我們真的很喜歡這兩道菜！唯一的缺點是：這個地方對台灣來說有點貴。']"
台北車站,Katsuya Hoyii Taipei Station Restaurant,4.7,7871,"['我們只在台北待了幾天，但我們不得不來這裡兩次，因為這裡的食物太棒了。肉質鮮嫩且烹調完美的蝦天婦羅。強烈推薦', '這是一家自助餐廳，您可以自備杯子/餐具，透過手機訂餐，自己取菜。炸豬排非常美味，而且非常酥脆。肉質鮮嫩，即使沒有醬汁也已經有一定的味道。點主餐時還可以額外加一份炸蝦，每份29元台幣。我們還嘗試了他們的限量特色菜——酸辣炸雞腿。雖然味道不錯，但太油膩了。位置很方便。', '咖哩豬肉非常好吃，豬肉不油膩。麻辣蒜蓉雞味道獨特，香氣撲鼻，口感酥脆。令人滿意的一餐。']"
台北車站,YABI KITCHEN Eslite Nanxi Branch,4.5,1451,"['我喜歡這家餐廳。該餐廳供應受歡迎的亞洲菜餚，並擁有一些獨特的 Yabi 創作。我來過這裡幾次，食物總是烹調得非常完美。很多菜餚味道濃鬱；因此，我建議您謹慎訂購。', '對印尼人來說，這確實是美味的食物。味道引人注目且均衡。辛辣卻美味。他們做的菜真是太好吃了！它的味道就像我童年的一樣🥺我最喜歡的是（1）牛肉仁當（2）西班牙炒水配櫻花蝦（3）肉骨茶豬肉湯（4）薑黃飯。好吃好吃好吃！', '喜歡在這裡吃飯。這就像同時在新加坡、泰國和台灣吃過飯一樣。傳統風味的有趣融合。 「台灣煎餅」披薩值得一嚐。咖哩雞很棒，脆皮排骨也很棒。在繁華的氛圍中提供良好的服務。觀看下面繁忙街道上發生的一切事情對人們來說很有趣。而且您得到的東西價格合理。如果您的人數超過 4 人並且週末出行，我建議您提前預訂。']"
台北車站,Su Hung,4.3,3391,"['這家江浙菜餐廳非常適合家庭聚會，氛圍溫馨而熱情。老鴨鍋超豐盛美味，但需事先預約。', '儘管他們的醬汁/肉汁中加入了太多的澱粉，但整體來說食物還是很美味的。我們在二樓吃飯，那裡看起來比較舊，而且破舊。服務符合您對台灣老派餐廳的期望。對於您得到的產品而言價格合理。', '這是一家米其林一星餐廳，服務絕對一流，但有些菜對我來說有點偏甜。蝦子粉絲、湯都很棒。']"
台北車站,新高軒北車店,4.5,2034,"['咖哩令人滿意，濃鬱、濃稠度足夠。但是，這是您在車站可以找到的最好的咖哩，因此非常適合在前往其他城市之前享用。我點了牛小排咖哩，外加唐揚雞和福神漬。唐揚雞有點硬但可以接受，而福神漬則添加了薑，與咖哩一起食用時更添風味。總而言之，這道菜很適合在火車前吃，但不要為了嘗試而大老遠跑來。是的', '在台北微風廣場漫步時發現了這家餐廳，我很高興我在這裡用餐的選擇是正確的。這家餐廳最好的一點是，如果您需要更多咖哩，可以免費續杯。我點了炸豬排咖哩飯（Zha Zhu Pai Ga Li Fan）（炸豬排咖哩飯），還點了一份北海道風味炸丸子。一開始可能會有點畏懼，因為他們只有中文菜單（我應該問他們是否有英文菜單）但餐廳工作人員非常友好地指導你菜單上寫了什麼。', '對於喜歡日式咖哩的人來說，一定要去那裡。這套花了320台幣。牛肉很嫩。一切都很順利。請在此停留。']"
台北車站,Tutto Fresco翡冷翠義式餐廳,4.6,4621,"['明太子扇貝奶油（義大利麵）（370美元）：如果你跟我一樣不喜歡吃洋蔥，你可以要求不放洋蔥。這種麵條的質地與典型的意大利麵條不同，它是扁平的而不是圓形的，我開始喜歡它了。一開始聞起來有起司味，但明太子醬和麵條一起吃起來非常美味可口。黑糖抹茶牛奶（150美元）：飲用前請攪拌一下，因為這樣口味會比較均衡。它非常奶油味和正宗，但底部是最甜的部分。 Affogato（150 美元）：今天的主廚甜點（110 美元）是焦糖起司蛋糕，我不喜歡起司蛋糕，所以我點了這個，因為它只貴了 40 美元（+10%=44 美元）。堅果和咖啡使冰淇淋味道極佳，但不要與冰淇淋一起吃太多咖啡，否則可能會很苦。此外，您還可以額外支付 110 美元將主菜升級為組合 A（您可以從 4 種中選擇 2 種，包括沙拉、湯、甜點和可續杯的咖啡/茶）或額外支付 150 美元將主菜升級為組合 B（您可以選擇上述所有 4 種選項）。總而言之，份量不是最好的，價格也比預期的要高一點，但食物的品質和味道都非常棒。服務態度和服務速度都很好。前往餐廳最方便的捷運出口為Z6（車站前地下街，連接台北車站），只需幾分鐘。整體而言，滿分 10 分！僅供參考，您的帳單中包含 10% 的服務費。', '我們最初停下來喝 Relax 酒店贈送的免費啤酒，最後卻點了一份披薩。當時大約是 8 點鐘，服務員告訴我們點餐，因為他們的最後點餐時間是 8.15。記住這一點。大約15分鐘後披薩就送來了。沒什麼特別的，只是一層簡單的薄皮，非常辣。我們點的披薩是博洛尼亞風味碎豬肉配紫茄子，說實話沒什麼特別的。我們剛開始吃飯，另一個人就過來告訴我們必須付錢，但不要急吃。我猜他們很快就關閉了收銀台。餐廳裡相當冷，而且他們的金屬椅子更冷。確保你帶了一件夾克。我會推薦這個地方嗎：不太會。', '食物非常美味。但是，我去的時候，冷氣很冷。我還看到其他食客都抱起雙臂，因為天氣太冷。工作人員沒有及時加水，但他們很好心地折疊了雨傘。他們看起來很匆忙。']"
台北車站,JIN ZHU Q Square Branch,4.6,1983,"['在農曆新年之前，我回到加拿大，和我的岳父母一起吃午飯，這頓飯既帶來了節日的歡樂，也帶來了給岳父母留下好印象的無形壓力。菜餚上桌的速度快得令人吃驚，就好像廚房工作人員經過了一支精英烹飪短跑運動員隊伍的訓練一樣。味道宜人，均衡，無可否認做得很出色，但如果您正在尋找一道能向您的靈魂低語甜蜜或點燃對食物熱情的頓悟的菜餚，您可能會覺得這道菜沒有那麼浪漫。話雖如此，但並沒有什麼缺點，一切都令人愉快，只是有點……克制。服務熱情周到，在效率和真誠熱情之間取得了良好的平衡。您不會遇到高級美食殿堂中那種冷漠、誇張的服務，而是看到您吃飽喝足、心滿意足的團隊，他們似乎真的很高興。總而言之，如果您想與好友共享一頓節奏適宜、分量適宜的美餐，金珠餐廳是一個不錯的選擇。只是不要指望任何菜餚會困擾您的夢境。', '強烈推薦。正在尋找一些台灣晚餐，這個選擇評分很高。毫無疑問。我們點了套餐，裡面有很多菜色可供選擇。選定的開胃菜是炸五花肉，味道很好。主菜很棒，例如臭豆腐炒皮蛋、洋蔥炒牛肉片、炸魚條上的牡蠣和蝦米炒捲心菜。湯的選擇又有所不同，即雞肉加山藥（不同類型的山藥，不是我們習慣的那種）。味道極佳。湯的選項混淆了。結果，一位服務員過來給我們提供了一些涼菜。他推薦鹹炸花生、酸甜小番茄和蒜蓉黃瓜。一切都非常好。作為 DTF 的粉絲，這個地方毫無疑問是最佳選擇。特別呼籲提供已提供的服務。它簡直是優秀。從我們到達餐廳（沒有預訂）開始，直到用餐結束。向服務團隊表示感謝。用餐區也非常舒適。', '更像是 4.5 ⭐ 對這個地方一無所知，完全依賴谷歌社區，他們沒有讓我們失望，真是一家很棒的台灣餐廳。食物：真的非常好吃，菜單種類豐富，但要小心臭豆腐，它真的是一種後天養成的味道，哈哈哈。 9/10。服務：對於這個等級來說，標準很好，沒什麼好抱怨的。 8/10。設施：因為位於購物中心，所以設施很好。餐廳本身管理得很好，很寬敞（沒有太多桌子），設計也很合適。 8/10。價格：非常可以接受😂8/10。']"
台北車站,富春食堂 割烹 無菜單料理,4.5,666,"['很棒的午餐，很新鮮，碗可能看起來不大但對我來說卻很飽，魚切得很厚，絕對會再去！還有美味的免費湯！好吃！', '我們提前一天預訂了帶有 omakase 的餐桌，非常值得。很棒的海鮮和友好的廚師。絕對一定要嘗試！', '我在台北吃過的最好的一餐。老闆非常友善且熱情 :)']"
台北車站,Katsuya Guanqian Restaurant,4.7,4743,"['豬裡肌片套餐（$299）：我去過附近的另一家分店（Hoyii 台北車站店）兩次，Katsuya 製作的豬裡肌片總是在同行中最為酥脆、最鮮味。裡面的豬裡肌肉也相當多汁，如果加上炸豬排醬的話味道會更好。然而，味噌湯對我來說味道不太好，因為我不喜歡大多數蔬菜，尤其是洋蔥，但對其他人來說很美味。此外，我還在套餐中額外加了一份炸肉排（+49 美元）、梅子綠茶（+49 美元）和一根新雪谷冰棒（鹹焦糖）（+39 美元）。茶的濃度均衡，酸甜適中。總結來說，服務態度好，送貨速度快，價格合理。另外，二樓也有一些座位。距離地鐵站 Z2 出口僅約 250 公尺（820 英尺）。整體而言，滿分 10 分！僅供參考，您需要在靠近廚房的區域自行取用餐具。', '透過提供免費食物來換取 5 星評價，從而抬高了評分。感覺被誤導了。最多三星。蝦子看起來與菜單上的完全不一樣，顏色是炸過頭的深棕色，而不是菜單上的金黃色。蝦太鹹了。豬肉不太脆，而且有點濕。', '食物還可以，沒什麼好抱怨的。這個地方真正的錯誤在於它試圖提供免費贈品以換取Google的五星評價。這不僅是錯誤的，也是不道德的，並且會使所有先前的 5* 評級無效。不推薦！']"
台北車站,富鼎砂鍋粥 中山南京店/台北美食/推薦餐廳/熱炒/附近美食/砂鍋粥/必吃,4.7,874,"['自從我們到台灣以來就吃太多。於是我們在飯店附近找了一家粥店來排毒。我必須說海鮮南瓜粥是10/10！台灣白菜有如此多種口味，簡直令人驚嘆。又香又甜！', '提供的份量相當大，食物味道很棒。粥裡有兩隻大鮑魚，還有很多扇貝和蝦，非常值得！', '我們最近發現了一家專門供應粥和山藥沙拉的美味餐廳。他們的粥特別值得一提，山藥沙拉也相當美味。']"
台北車站,best義pasta食堂,4.3,1025,"['真好吃！香蒜醬（Google翻譯為義大利麵醬）是店裡新鮮製作的。我們嘗試的三道菜都很棒！如果您想吃台灣菜，強烈建議您暫時放棄它！', '價格合適，味道還不錯。還有漂亮的牆壁藝術🐶。', '帶有台灣風味的美味義大利菜。優質服務']"
台北車站,Dynasty,4.1,669,"['美味、精心準備且價格極為合理。北京烤鴨有 4 種吃法 - 精緻卷鴨、油封鴨、清炒和粥。都很好吃。點心種類豐富，準備也很好。服務品質參差不齊，有的很專業，有的則缺乏經驗且粗心（沒有檢查就把我們剩下的食物給了另一張桌子）。', '和家人一起去過很多次。我們總是感到非常滿意，因為他們提供的粵式飲茶非常美味而且價格合理。由於它很有名，所以大多數時候客人並不多。永遠是我口袋清單上的首位。', '它的英文名是“Dynasty”，可惜在google上找不到它的英文名。這是一家歷史悠久、聲譽卓著的餐廳，地理位置優越，非常安靜，風格宜人，食物美味，但價格不貴。我在台北參觀過的最好的餐廳之一。我的台灣朋友向我介紹了那家餐廳，如果我自己的話，肯定找不到它。它位於 Cesar Park 酒店大樓的三樓。']"
台北車站,Petit France,4.5,1258,"['與通常的法國菜相比，食物非常美味，而且份量很大。對我來說，這種風格並不完全是法式風格。由於使用了許多當地食材，它更像是西式風格的混合。例如最後送的茶就很有中國特色。令我驚訝的是沒有提供咖啡和法式甜點。順便說一句，惠靈頓鮭魚非常棒。', '小店，熱情供應優質食品。空間不大擁擠，但大窗戶引入了外面的鄰裡氛圍，讓人感覺輕鬆的法國鄉村氛圍。工作人員非常敬業，用心服務。建議提前預訂。', '這是一家供應優質法國菜餚的餐廳。花了我800美元……非常愉快的午餐。一開始不要吃太多麵包…給你的胃留點空間吃主菜。鴨胸肉非常嫩，多汁，味道鮮美......強烈推薦。']"
台北車站,Second Floor Cafe,4.4,2905,"['松露薯條（250 美元）：炸得很香脆，搭配松露和起司絲，味道非常棒。甜菜番石榴和蘋果汁（200 美元）：味道相當甜美、多汁且特別。焦糖酥脆冰淇淋配布朗尼（220 美元）：裝飾精美，焦糖奶油和蓮花餅乾與布朗尼和冰淇淋完美搭配。然而，他們免費為我提供座位，因為她誤解了她的話並讓我換座位。總結來說，我沒有預定，勉強在樓下找到了座位。工作人員 Eason 非常友善和熱情，在我點餐前提前通知我，由於顧客太多，食物將延遲供應。但實際上比想像中要快，因為不到 20 分鐘就送來了薯條。我已經很久沒有遇到過如此優質的服務了。因此，如果他們對自己的服務感到抱歉，他們可能會降低您的餐費作為道歉（在這個分店，但我不知道其他分店是否這樣做）。而且它並不位於新光三越南西三店裡面，而是在百貨後面的第一巷子裡。整體而言，滿分 10 分！僅供參考，您可以掃描二維碼（提供英文）下單，其中包含 10% 的服務費。', '我嘗試了他們的越南風味魷魚和經典香蒜蝦扁麵條，非常美味。越南風味的菜餚是新鮮魷魚與東南亞風味的迷人融合。麵條口感彈牙，酸味、草本味和微辣味完美融合。經典的香蒜蝦扁麵條更像是一道舒適的菜餚。香蒜醬味道濃鬱、滑膩，完美地包裹住每根意大利細麵條。蝦肉肥美多汁，為這道菜增添了令人滿意的口感。至於配菜，他們的蔬菜炸薯條又脆又清淡，是標準炸薯條的更健康替代品。蔬菜的天然甜味得以充分體現。沙拉新鮮又簡單，在豐盛的菜餚之間提供清爽的休息😍', '熱情款待－二樓的工作人員細心又有耐心。它具有咖啡館氛圍 - 吃、喝、放鬆，伴隨著背景音樂，用餐時間限制為 2 小時。食物的味道因個人味蕾而異 - 對我來說這並不合適。用餐人群由年輕人和成年人混合組成，但不建議老年人或對食物有挑剔的人前來。如果你希望來，一定要提前預約，但如果你想品嚐台灣當地美食，還有其他選擇']"
台北車站,四米大石鍋拌飯專賣,4.6,3890,"['我吃了一份牛肉拌飯（260 美元）和一罐韓國桃子汁（80 美元）。牛肉片非常美味，多汁又鮮嫩。除此之外，我還嘗試加入稀雞蛋並與米飯一起攪拌，結果味道更美味。上層的米飯配上雞蛋和多汁的肉片，味道鮮美。鍋底的脆米飯很完美，份量充足，是有史以來最好吃、最脆的，不像其他一些韓國餐廳的脆米飯那麼少。最後但同樣重要的一點是，我終於有機會在這裡用餐，因為每次我來，這裡總是滿的，甚至有很多在等待的團體。我建議您在開門時間後10分鐘內到達餐廳。不過說到速度，這頓飯大概煮了 25 分鐘，速度並不快，可能是因為餐廳很快就變得擁擠了。另一方面，食品品質如此之高，而且大多數人都買得起。此外，餐廳裡還播放一些很棒的韓國流行音樂歌曲，所以如果你和我一樣是韓國流行音樂的粉絲，你真的可以在如此美妙的氛圍中享受美食。總體而言，滿分 10 分，評分為 9.9 分，因為我相信速度可以更快，但將來肯定會回升。僅供參考，您可以自助取水、餐具、紙巾，並在飯後付款。', '我只是從地圖上隨機挑選了一家餐廳，幸運的是發現了這顆寶石。食物很棒。我們一共六人，幸運的是我們馬上就拿到桌子了。我點了他們的牛肉拌飯，非常美味。工作人員也非常熱情友善。這裡的氛圍很時尚，地方也很乾淨。', '食物味道還行，但是上菜時間有點長。我相信您可以在台北找到更好、更便宜的韓國石雜飯。']"
台北車站,奧特拉麵Ramen Ultra 微風台北車站店 (日本錦拉麵),4.5,1333,"['我們點了炸豬排當配菜，但它是放在湯裡的。茶樹很冷。除此之外一切都非常美味。', '雖然我很想給予好評，因為服務很好，但拉麵卻低於平均水準。味道不像雞湯，湯很油膩。與我之前在台北參觀過的其他拉麵店相比，它黯然失色。不過炸薯條很好吃。有很多座位可用。', '這是一家極其平庸的拉麵餐廳，我以後不會再去了。我真的不知道這種品質的拉麵是如何獲得 4/5 以上的評分的。我們毫無期待地走進來，毫無驚喜地離開。這家拉麵店的品質確實最多只能算是平庸。您在附圖中看到的拉麵，就是喝了兩口（兩匙半滿的）湯拉麵，三分鐘後送到桌上後的樣子。這是我第一次看到拉麵湯在短短幾分鐘內就變成乾麵條。這附近有更好的拉麵餐廳。節省您的時間和金錢，避免這個誤導的陷阱。']"
忠孝敦化,不二煮藝,4.8,2003,"['友善的服務。食物新鮮可口，上菜迅速。我本來沒想過在台北能吃到義大利菜，但是評價這麼高，我只好試試看。配有野生蘑菇和新鮮蔬菜的松露燴飯非常美味。對於這個城區來說，價格也非常合理。', '美味健康食品，價格合理，氣氛舒適，服務一流。', '超美味又有創意的火龍果海鮮義大利麵：D 一流的服務👌🏻😋強烈推薦！']"
忠孝敦化,好吃食堂海鮮鍋燒 大安店,4.8,1843,"['這可能是吃海鮮粥的較好的地方之一。就價格而言，您不會對碗中新鮮海鮮的品質和數量感到失望。您可以選擇搭配米飯或各種麵條。看到我們帶著孩子而來，他們就給了我們一個攤位，這是一個很好的舉動。我確實推薦它，而且你要么在他們的正常午餐時間之前來，要么在之後來。', '強烈推薦給所有喜歡海鮮的人👍👍', '好的！']"
忠孝敦化,ABV Bar & Kitchen,4.8,1788,"['氣氛很好。很寬敞。我帶我年邁的母親來這裡吃午餐，她很喜歡。音樂很熱鬧，食物也很美味。豬肉蒸蛋很適合沒有牙齒的老人吃。', '這是一家以東南亞為特色的餐廳，屬於 ABV Bar &amp; Kitchen 家族的一部分。大安區有幾家。每個地方都有不同的美食。我吃了“Pad Krapow Moo”泰式香草豬肉碎，菜單上有 3 種辣椒，知道它會很辣。香料很完美，份量也很足。很高興他們在一月戒酒日提供 3 種無酒精啤酒。它太好了，我計劃參觀他們所有的分店。好消息是，他們不會像台北的許多餐廳一樣在 14:00 關門。而且他們還有很棒的啤酒可供選擇。', '由於這家東南亞鯽魚店的佔地面積較小，所以啤酒的選擇並不多（減少）。服務也很一般，很機械，沒有表情。但他們會過來加水並收拾桌子。我們點的所有菜都讓我們非常喜歡。綠色咖哩雞非常好吃，菲律賓豬肉也很好吃。一定要記得在出發前預訂，以確保您可以在周末有一張專門的餐桌。']"
忠孝敦化,舞良麵｜東區必吃晚餐宵夜 延吉街 大巨蛋美食 無國界涼麵 麵飯（“不一樣乾麵”隔壁巷弄內）,4.8,412,"['我在附近工作，每天都會常去這個地方。這是我去過的最好的麵館之一，品種豐富，服務無可挑剔。老闆都非常友善，並會熱情地向您介紹他們的選擇和推薦。對於任何喜歡麵條並來到台北的人來說，這都是一個必去之地！', '商店氛圍非常好，有很多復古的裝飾。食物很棒，非常新鮮，是很棒的家常烹飪風格。', '好的想法和執行，麵條很好吃，有點太甜了，但還可以。']"
忠孝敦化,PASTAIO,4.2,2591,"['非常好的地方，有新鮮的食物和一些有趣的菜單。我建議透過線上預訂餐桌，這非常方便。我認為價格相對於食物的品質來說是相當合理的。義大利麵很棒，但我嘗試了佛卡夏披薩，味道棒極了。我們花了大約 1500 美元吃 2 人份的午餐', '雖然沒有預訂，但一開門就很快就坐在了酒吧。事實上我認為這更有趣，因為我們能夠看到他們準備食物。那裡非常忙，但是每道菜都很快就上菜了。我們點了無花果沙拉、烤蛤蜊、章魚和義大利麵。一切都很美味，但我絕對推薦沙拉。', '食物很美味！喜歡他們菜餚的口味平衡。']"
忠孝敦化,OMAR Bistro,4.8,2553,"['我的朋友發現了一個令人驚奇的地方。我們最終進行了預訂並與家人一起來了。這些飲料確實製作精良，味道鮮美。食物也很美味，加上昏暗的氛圍，非常值得一去。我們計劃在女兒生日那天預訂地下室餐廳😊就像帶有水煙的Shisha Bar一樣，我很想再次來這個地方，而且它的 CP 絕對值得 5 星。', '很高興嘗試這個地方，因為它看起來像一個可以和朋友一起放鬆的很酷的酒吧。然而，我們對飲料極為失望。它們太甜了，每杯飲料都只是加了糖漿的稀釋雞尾酒。服務員甚至忘記了我們的飲料，所以我們等了很長時間才拿到飲料…每人最低消費為 600 新台幣，這個數字還不錯，但考慮到飲料的難喝程度，這簡直是敲詐。該地區有很多酒吧可供選擇，請避開這個地方。', '很酷的地下酒吧，整晚都有專業的工作人員。很棒的氛圍和很有創意的飲品。炸薯條也很美味。 DaBo 是一位很棒的主人，非常友好，我很欣賞他的良好個性和服務。']"
忠孝敦化,不萊梅Bremen忠孝店,4.5,1406,"['餐廳空間寬敞，食物味道不錯，與台北的大多數義大利餐廳相比，份量相當大。份量大小，價格非常合理，同時也提供免費軟性飲料。', '新鮮製作的義大利麵，可客製化（辣度、有或無起司、尺寸選擇等）。透過菜單單即可直接、輕鬆地訂購。自由供應軟性飲料和蘇打水。只接受現金。', '上週日和朋友們一起在這裡吃飯......我真心推薦這家餐廳，適合所有人，家庭、情侶、商務聚餐或獨自一人，意大利面奶油味濃鬱，非常美味，全部都是新鮮製作的，我們喜歡它。']"
忠孝敦化,Village | private kitchen ‧ small stack of wine,4.3,1309,"['除夕夜聚餐。也許這就是導致我們吃到的菜很平庸的原因。曾備受期待，但結果卻不如評論那麼好。必須在正常營業時間內回來。', '我必須說這些地方乾淨、寬敞，桌子很大，非常適合舉辦大型聚會。至於食物，所有東西味道都很一般，沒有什麼特別突出的，也沒有什麼讓我想重新點這道菜的。用餐結束後，我們一行人都在聊天，因為我們很久沒見面了。我可以理解他們該關閉餐廳了。但是他們不應該大聲播放音樂，而應該只是善意地告訴我們他們要關門了，這樣我們就可以離開了。', '對食物非常失望，無論從味道或價值來看。沒有一道菜是我願意再點的。環境極為吵鬧；為了進行對話，我們必須互相大聲喊叫，並且必須不斷要求別人重複他們所說的話。唯一好的就是服務。雖然很貴，但是👎🏻']"
忠孝敦化,捌千代居酒屋 松山店-松山居酒屋推薦|市民大道人氣串燒|東區推薦串燒|深夜美食|必吃美食|聚餐餐廳,4.8,1503,"['如果您不關心食品品質。你可以試試。但如果你去了那裡，那麼請不惜一切代價避免，因為那裡的食物太糟糕了。烤串很乾，炒飯沒有味道。街上還有很多其他不錯的另類餐廳。如果你只是去喝一杯那也沒問題。如果你不介意有些人太吵的話，這裡的氣氛還不錯。如果您餓了，請一定要避免來這裡。我不知道它是如何獲得 4.9 的評分，但很抱歉我對每道菜都感到非常失望。親自嘗試一下。', '很棒的食物！強烈推薦👍🏻👍🏻👍🏻。工作人員非常友好，服務很棒。', '這是一家很棒的居酒屋，有美味的食物和令人驚嘆的熱鬧氛圍！']"
忠孝敦化,Solo Pasta,4.5,12470,"['在 Solo Pasta 的用餐體驗令人失望。儘管我們已經預訂了，但我們到達時桌子還沒有準備好，我們只能站了 15 分鐘。除此之外，義大利麵食真是令人失望…我不知道義大利麵醬的味道是否不對……而且鴨胸肉中有很多骨頭碎片，做工很差。更糟的是，一大群孩子在餐廳裡跑來跑去，使得餐廳變得混亂且不安全。噪音失去了控制，沒有工作人員介入處理這種情況。更不用說，門一直開著，卻沒人去關它（那是冬天），這令人沮喪和不愉快。我明白員工人數可能不足，但這確實感覺像是管理問題。這家餐廳很有潛力，但需要有人加緊努力，提高食物品質和整體用餐體驗。這不值得花時間和金錢，不幸的是這是一場災難 :/', '太糟糕了。我於下午 4:55 到達，並被告知必須在下午 6 點前完成。美好的。我在下午 5 點 20 分吃完了開胃菜和意大利麵，但主菜直到下午 5 點 50 分才上來（在我告訴女服務員我要趕飛機之後）。他們真的指望我在 10 分鐘內吃完這個和甜點嗎？從味道上來說，食物一點也不正宗，簡直糟糕透了/低於平均水平。炸海鮮－濕透了，有的很鹹，有的則完全沒有味道。蝦肉根本脫離不來，說明不新鮮。義大利麵 - 調味還可以，但義大利麵本身煮得不夠熟（不要與有嚼勁的義大利麵混淆）。想像一下，當你把義大利麵煮 4 分鐘後，麵粉就會結塊並黏在你的牙齦上。主菜（ossobuco）-沒有拍照，因為我必須在幾分鐘內把牠吃完。肉質鮮嫩，但味道卻十分淡。沒有嚐到馬鈴薯泥的味道。甜點（奶凍）——他們稱它為全台灣最好的奶凍，但它太硬了，更像慕斯。沒有人會稱之為奶凍。示範也很馬虎。', '我吃了一份耳形義大利麵，配上西蘭花和自製香腸 Orecchiette con Broccoli e Salsiccia alla Casalinga（330 美元）和一杯蔓越莓汁（130 美元）。豬肉碎新鮮、多汁、美味，義大利麵有點起司味。在我看來，耳朵形狀的義大利麵很特別，而且比一般的義大利麵更有質感。這樣切碎的西蘭花味道會更好。總結來說，從捷運忠孝敦化站步行大約需要3分鐘。浪漫的氛圍，良好的服務態度，美味的食物，而且提前告知了較長的製作時間，但問題是，我不知怎麼在餐廳裡聞到了一股難聞的氣味。整體而言，滿分 10 分，可得 9 分！僅供參考，您的帳單包含 10% 的服務費，最低收費為 500 美元（含服務費）。']"
忠孝敦化,Casanova Osteria & Wine Bar,4.8,694,"['當您光臨這家餐廳時，您將會體驗到一些特別的體驗。這裡的食物來自義大利北部，其風味與我在台北吃過的任何食物都不一樣。每道菜都很獨特，味道超出了我的預期。食物也精美且及時地呈現。我們吃了起司沙拉、貽貝、義大利麵疙瘩和提拉米蘇作為甜點。餐廳還為我們提供了一杯檸檬味飲料，真是個驚喜。服務也非常周到、專業。如果您有機會參觀這個地方，這裡非常適合約會或與朋友聚會。它肯定會給人留下深刻的印象。', '台北有一家如此友善和熱情的北義大利餐廳。我來過兩次，非常享受這裡親切的服務、美味的食物以及溫暖舒適的氛圍。我強烈推薦藍紋乳酪麵疙瘩，非常濃鬱但又不會太油膩。這是我在台灣吃過的最好吃的披薩之一。我還喜歡烹調得十分精緻的牛排和貽貝。我非常喜歡貽貝紅醬的辣味。我也喜歡烤寬麵條，毫無疑問這是我在紐約或義大利以外吃過的最好吃的烤寬麵條。他們有出色的酒單，並且在 5:30 開始提供晚餐服務時還提供歡樂時光特價飲品。最後，感謝他們的經理 Momo，她非常友善、樂於助人，是一個非常適合聊天的人。如果您想在台北品嚐真正的義大利美食，強烈推薦這家餐廳。', '台北是滿足您對義大利美食渴望的好地方。開胃菜、義大利麵和披薩都很美味。也許可以考慮將煎海鮮的醬汁改為番茄醬，以獲得更濃鬱的味道。食物的味道和品質都很好。服務友好而周到。當您的水瓶只剩一半時，他們會更換您的水瓶，而無需您提醒他們，為他們留出空間享用甜點。提拉米蘇大概是我吃過的最好吃的。奶凍也很好吃。']"
忠孝敦化,Qin Wei Guan,4.5,3505,"['我們來吃晚餐，沒有預約，只有 2 個人，很高興我們馬上就找到了座位。但儘管當時才下午 5:30，餐廳裡已經非常忙碌。我們點了5個菜，3個炒菜，1個泡饃，1個油潑麵。總體來說，食物很好，我只是希望它更辣一些。我們確實要求他們再來一盤辣椒油，但即便如此，我認為它是根據當地人的口味進行調整的，味道更香而不是辣。很好的體驗，如果你想吃陝西菜的話，推薦你來這裡。', '美味的食物！菜單上的任何菜餚都不會出錯。我最喜歡吃扁麵條、雞肉捲和豆腐。喝上一杯冰啤酒，一切都變得美好起來。還會回來的！', '非常美味的正宗西北中餐。胡椒玉米的麻辣味道是這裡的特色。蔬菜菜餚也非常美味。']"
忠孝敦化,老饕食堂,4.4,149,"['每次到台北，必定要去老饕食堂。這是我從紐約回到台灣後第三次在這裡吃飯，這家餐廳仍然是我們家最喜歡的。這家餐廳裝潢典雅，有精美的畫作，可以欣賞台北的美景。食物永遠不會令人失望，這次我們享用了美味的沙拉、龍蝦、龍蝦粉絲、嫩排骨和魚湯。作為一個通常不喜歡吃魚的人，這裡的魚太美味了。食材很新鮮，而且他們有裝滿活龍蝦和魚的水槽，確保每次都能做出高品質的菜餚。 老饕食堂總是提供最好的飯菜，擁有友好而優秀的員工，我迫不及待地想明年再來！', '一如既往的棒。從紐約飛來看望家人，必須在此短暫停留。十年前我家人在台北的時候來過這裡，忍不住再次回來品嚐他們的龍蝦麵和美味的魚！環境良好，食物以正宗的方式烹製，展現了食材的美味。我只好把兒子拉走，以免他點第四碗紅豆湯當甜點…', '魚很精緻，龍蝦美味無比，炒蛋也很美味。']"
忠孝敦化,komboi,4.7,437,"['我們每年去台北旅行時總是會嘗試一頓精緻的美食，而這一次，在一位朋友對 komboi 讚不絕口之後，我們選擇了它。這是多麼棒的選擇啊！食物很棒。孩子們的午餐有三道菜，還有可選的起司火鍋，而我們則吃了七道菜。孩子們已經表示這些開胃菜太棒了，在他們的名單上排在第一位，而且隨著菜餚越來越多，那道最受歡迎的菜不斷被推翻。它真的非常好（甚至對孩子來說——9 歲和 13 歲的女孩）。感謝所有知識淵博、友善的服務生。特別感謝 Maggie，她知道我們是澳洲人😂而且非常友善。強烈推薦！', '沒開玩笑！ 這家餐廳絕對值得1~2顆米其林星星。我在這裡參加了JURA威士忌晚宴，但對他們卓越的菜餚和精緻的服務感到震驚。詢問他們這道菜的原料、醬汁和背後的想法。那麼你將會驚訝並欣賞他們的奉獻精神。精神就在那裡，快來問問，感受一下。', '當心！這是一家高級餐廳，但食物距離“高級”還差得很遠！他們真的不知道如何烹飪這些歐洲菜餚，尤其是肉類！這些肉非常粗糙、堅硬、乾燥並且充滿穩定的纖維…超級糟糕，很難咀嚼和吞嚥那些開胃菜和甜食充滿了濕餅乾或麵團，應該是脆的或脆的這個地方唯一可吃和美味的是冰淇淋🍦哇，太棒了，我們很幸運我們仍然可以在這裡吃到一些好東西。工作人員很友好。然而，最糟糕的服務是當你與那些工作人員分享這種糟糕的經歷時，他們仍然認為呈現這些糟糕的食物是他們的專長......我不得不說這真的很無助超級失望和難過在這裡浪費我們的時間，金錢和胃......']"
忠孝敦化,蕭家小館（午餐最後點餐13:40，晚餐最後點餐20:30）,3.9,937,"['我們在晚上 8 點 15 分左右訂購了 3 道菜 + 1 份米飯 + 1 份麵條……直到晚上 8 點 40 分左右才拿到。這是那種如果你點餃子和炒飯會比點真正的炒菜更快的地方。', '非常好的地方，味道很好！工作人員非常友好。', '享用快餐的好地方，例如炒飯或炒麵，味道很棒。我點了炒羊肉麵和炒牛肉飯，都很美味，很正宗。這裡有一些室內座位空間，午餐時間不會太擁擠。女服務生也很友善。']"
忠孝敦化,106HARBOR美式海鮮餐廳,4.9,3270,"['不僅海鮮，湯和沙拉都很美味，令人印象深刻。', '一家海鮮愛好者的餐廳。由於我們不太餓，所以我們點了一份海鮮拼盤。拼盤很大，醬汁也很棒。我們看到隔壁桌正在吃海鮮桶，看起來真的很美味。下次我們會嘗試。為我們服務的那位小伙子非常友善且樂於助人！服務真的很棒。', '整體來說體驗很好。食物很新鮮，烹飪得很好，而且份量充足，儘管沒有我們預期的那麼多。有四個空的貽貝殼，有點失望，底部只有 1 塊貽貝肉。麵包碗裡的湯非常好吃，油炸的開胃菜也很好吃。我們很感激龍蝦去殼服務，但不得不繼續要水。']"
忠孝敦化,Jimmy's Kitchen,4.5,5498,"['在這個地方享用了老派西式/台灣自助餐。價格有點貴，但食物品質很好，座位舒適，工作人員友好且有禮貌，自助餐桌不擁擠，停車免費！', '位於台北市中心，非常適合與家人和朋友享用美味晚餐的地方。氣氛舒適，菜餚美味，自助餐很棒，工作人員都很友好。等不及想再回來！', '👏👏👏👏 烤羊肉丁骨牛排👍🏻👍🏻 肋眼牛排👍🏻 海鮮組合👍🏻 總體來說，這是 TW 的壯舉。西式餐廳，但質地和調味都很好👍🏻除了飲料或甜點']"
忠孝敦化,香聚餐館,4.5,555,"['第一次來這裡，想找個地方和朋友一起吃飯，然後偶然路過並認為我們可以嘗試一下。我們嘗試的每道菜都很美味！絕對令人驚訝:)', '這家小酒館主要供應台灣美食，並帶有一些創意風味，但最重要的是，他們使用最新鮮的食材，因此您可以無憂無慮地用餐！每一道菜都不會令人失望！超推薦！然而，雞尾酒相當一般，這並不是他們的強項。', '這家小酒館主要供應台灣美食，並帶有一些創意風味。當你來這裡時，請點他們的炸魷魚和胡椒雞。湯也很受歡迎。最適合家人或朋友聚會。最重要的是，它非常便宜。']"
忠孝敦化,ABV Bar & Kitchen,4.7,2867,"['我最近去了這家美國餐廳，但不幸的是，體驗令人失望。食物太糟糕了。他們很快就給我們這張桌子送了兩個漢堡，但我們朋友的牛排 15 分鐘後才送來，這真令人沮喪。更糟的是，儘管他點的是七分熟的牛排，但牛排卻很生。當我們要求他們修復時，五分鐘後他們把菜拿回來了——仍然不對，因為菜是半熟的。餐廳氣氛也沒有改善，裡面充滿香菸味，讓用餐體驗非常不愉快。唯一值得慶幸的是飲料。他們有令人印象深刻的啤酒選擇——幾乎任何你能想到的啤酒——而且飲料本身也很棒。但是，我絕對不推薦這個地方吃飯。兩顆星，主要是因為飲料和啤酒的種類，但我不會再來了。', '這是我第二次來，我對食物的品質沒有太大的期望，雖然這是我今天的第一頓飯，但正如你在照片中看到的那樣，食物非常糟糕。我吃完了所有的食物，因為我太餓了，而且浪費了太多錢。噁心', '如果您喜歡吃西式菜餚，這裡就是個好地方。精選啤酒，您不能要求更多了！氣氛極佳，菜餚種類豐富，最值得推薦的是牛排骨，一定要在售完之前下兩份！ ！']"
忠孝敦化,Oye Punjabi Indian Restaurant,4.9,10798,"['我們一行八人於某個週二晚上偶然來到這裡，這次經歷真是太棒了。服務非常棒——我們印象非常深刻！他們免費給了我們兩杯飲料，當我們點了一份 pani puri 時，他們把份量加倍，這樣每個人都有足夠的食物來品嚐。食物非常美味，味道非常正宗。每位工作人員都非常友好和熱情。我們一定會回來的！', '我們在我生日那天去了這裡，這裡太棒了，我們喜歡這裡的一切！那裡的工作人員非常好，我們收到食物後，他們甚至幫我們調整了辣度。我們吃了菠菜起司醬 (Palak Paneer)、扁豆 (Daal) 和薩摩薩三角餃 (Samosa Chat)。一切都非常好。那裡的氣氛也很好，但我建議提前預訂餐桌。', '這裡的食物和服務簡直是一流的。選擇多種多樣，有很多選擇可以滿足不同的味蕾和各種需求。請將這裡作為您台北之旅的必遊之地，享受一頓美味大餐。強烈推薦。']"
西門站,鹿境早午餐 & 餐酒館_西門Arrival Brunch & Bistro (原 滷餐小酒館Zoo Bistro) ｜台式餐酒館|西門美食｜宵夜|滷味｜爌肉飯｜調酒｜酒吧｜早午餐｜西門必吃早午餐|在地推薦早午餐|漢堡|外帶早午餐|推薦早午餐｜人氣餐廳,4.9,782,"['確實是一個很棒的用餐地點。漢堡真的很美味——雞肉漢堡，杏鮑菇是必嘗之物——醃製得很好👍🏽。奶凍也非常好吃。', '我們一行四個大人和一個小孩，在炎熱夏日的一個工作日早上來到這裡。雖然距離西門地鐵站有點遠，但還是值得來享用美味的早午餐。蛋奶煎餅鬆軟滑爽，最重要的是不甜，我們一起吃完卻忘了拍照。早午餐套餐包含蔬菜、水果、雞肉和一些薯條的完美組合。日式湯也非常美味，特別是蘿蔔湯。我們帶著一個 3 歲的小孩來，工作人員非常友好和周到，給了我們一套兒童餐具。我們和朋友們在這家小酒館舉行了一次非常愉快的聚會。', '飯菜的份量很大，足以讓人吃飽，店主非常友好，我喜歡魚的味道，它非常多汁。氣氛令人輕鬆。還會再來。 💯😋']"
西門站,Ximen Noodle,4.3,10869,"['每次來台北，一定會來這裡吃飯。它的牛肉麵很受歡迎，但是味道不太合我的胃口。無論如何，黃梨塔和鹹蛋餅真的是最好吃的！它是自製的，而且賣得很快。我記得我需要來這裡三次才能買到商店的這兩種特殊產品。確實很美味。我甚至買了幾盒放在酒店裡。而且還不夠，我又買更多帶回去。偉大的 ！希望店鋪繼續銷售，並準備更多。', '當我們在午夜左右到達時，我們驚訝地看到排了一隊，但我們知道如果這個地方一整天都很忙，那麼我們必須嘗試一下。我們等了大約 30 分鐘，因為餓極了，所以很高興嘗試這裡的食物。座位非常有限，我們理解等待的時間很長。我們很高興我們等待了並且認為食物很美味。麵條很有嚼勁，味道很好。我最喜歡的是豬肉麵，我認為牛肉麵也很好吃。在那裡嘗試檸檬水飲料——非常美味而且與眾不同！', '醋乾麵（45 美元）：我在台灣住了很久，這是我第一次嘗試這道菜。令我非常滿意的是，這絕對是我最近吃過的最好吃的麵條。多汁且具有醋的酸味，麵條的口感也十分出色，非常美味。芝麻醬乾麵（60 美元）：他們的芝麻醬很特別，味道比其他的都好吃。味道比較鹹。辣餛飩（70 美元）：裡面的豬肉新鮮、鹹嫩，辣醬味道特別獨特。餃子皮很薄，又黏。總之，無論我經過這裡多少次，這家餐廳總是排隊。不過，上午 11:00 之前排隊的人比較少，我只需要等 5-10 分鐘。但如果您是單獨前來，則可能需要與其他團體同桌用餐。價格低廉，食物一流。整體而言，這絕對是十分滿分！']"
西門站,Dog Japanese Restaurant,4.6,6039,"['一切都正確。食物味道不錯，但讀過評論後期望更高。我會繼續嘗試其他地方，但那裡很好。他們只接受現金付款+另加10%的服務費。 ⚠️‼ ️如果您不喜歡芥末，請注意，因為握壽司的米飯和魚之間含有芥末！', '最近我去了一家日本餐廳，印象非常深刻。氣氛溫馨、服務周到、食物美味。我特別喜歡烤鯔魚子——烹飪得非常完美，味道鮮美。這是一次令人愉快的用餐體驗，我強烈推薦！', '免費鮑魚評價很高，烤串很一般，炒飯不太好，高球酒很淡而且威士忌也不多，不推薦……哦，你點的每樣東西都要額外收費，而且只收現金。']"
西門站,Power of Meat Ximen Emei Branch,4.7,18213,"['菜單上的所有菜餚您都可以吃，而且服務快速又友好！環境舒適，乾淨！價位有5種我選了中等價位也是人氣菜單NT 798，完美美味又新鮮的海鮮還有嫩滑的牛肉和豬肉，甚至還有和牛！我會一次又一次地來參觀。', '我點了一份價值 698 美元（實際上是 768 美元）的套餐，包括 11 種牛肉、6 種海鮮、4 種雞肉和 12 種豬肉；套餐裡的所有肉都是無限量供應的。套餐中還包括沙拉吧、飲料吧和客製化聖代吧。此外，您還可以使用平板電腦訂購肉類、甜點和火鍋等。當我燒烤牛肉短盤時，它們火候很好，但味道相當鮮美且有點油膩。特長牛肩肉，長度大約有30厘米，很特別，配上芥末椒，味道相當鮮美，但在我看來，這不是他們最好的肉。儘管椒鹽牛肩肉有很多骨頭，但味道仍然非常美味。薑絲巴沙魚口感有嚼勁，汁水豐富。布朗尼味道很棒，鬆軟、香甜，但不是最美味的。烤好的棉花糖裡面很黏稠，烤過的地方有點脆，味道比原來好多了。此外，麵包和玉米餅也做得很好。飲品吧台上有多種選擇，但我最喜歡的飲料是荔枝和莓果冰沙。軟冰淇淋口感醇厚，品質優良，加上食材後更美味。不過，我沒有在米飯上加牛肉洋蔥湯，因為我不喜歡洋蔥。總而言之，與我上次去的烤肉店相比，這裡的肉熟得更快。服務非常棒。由於沒有英文菜單，第一位工作人員盡力用英語向我介紹肉的種類。她的英語相當流利，而且態度熱情。其他工作人員首先告訴我如何正確地烤牛肉，甚至在之後還誇獎了我燒烤得當。整體而言，毫無疑問這是十分滿分的！值得注意的是，用餐和點餐的時間限制分別為120分鐘和80分鐘。已含10%的服務費。', '燒烤自助餐非常划算！嘗試了基本套餐，肉質仍然很好']"
西門站,星庭園精緻風味洋食坊,4.4,1187,"['食物份量很大而且價格很值得！但是豬肉有點鹹。雞排非常軟嫩。服務人員有點不友善。除此之外，這裡還是個吃飯的好地方。', '這家不錯的餐廳總是讓我感到驚訝的是他們的份量，難怪你在那裡看到的男性總是比女性多。它非常巨大，但同時味道卻很精緻。我非常喜歡它，因為我一直在尋找一個可以享受美食並滿足健身所需的每日蛋白質攝取量的地方。非常感謝那裡的老闆和員工，讓這個夢想成真了。餓的時候會110%去！', '大量美味的食物可以滿足那些飢餓的人的需求。在這裡，您可以以非常合理的價格與朋友一起愉快地用餐。台北西門町我最喜歡的餐廳之一。']"
西門站,大眾食堂,4.6,3784,"['絕對美味的日本料理。從炸豬排咖哩到兒童烏龍麵和唐揚雞，我的孩子們全都吃了！鮪魚生魚片非常新鮮，天婦羅組合非常棒！氣氛非常好，工作人員很友好，而且會說英語。輕鬆訂購二維碼。這家餐廳無可挑剔，我絕對推薦。', '我們在西門町漫步時發現了這家小餐館。由於有英文菜單和線上訂購系統，訂購變得非常簡單（感謝 Google Chrome 中的 Google Translate 提供英文翻譯）。工作人員很友好，很熱情。食物很美味，份量充足。可供選擇的種類非常多。此外，鮭魚和黑鮪魚生魚片飯很新鮮，沒有腥味。米飯調味完美－均衡、香甜、濃鬱。鯖魚也很好吃。大阪章魚燒味道不錯，章魚碎分量很足。不過，如果天婦羅的裹麵再薄一點就更好了。這也是我第一次吃到加了胡蘿蔔和露出白色洋蔥的味噌湯。', '我們點了一份豬骨拉麵、一份醬油拉麵和一份炸蝦咖哩飯。說實話，這裡的食物在味道上確實可以與日本的食物媲美。非常值得。']"
西門站,Teishoku 8 Ximen Restaurant,4.5,3393,"['如果您想在台灣享受正宗、樸實的日本餐飲體驗，Teishoku 8 絕對值得一去。您可以期待以下服務：員工和服務：Teishoku 8 的員工不會說太多英語，但他們非常友好，並會盡力確保您感到舒適。他們非常熱情，願意竭盡全力提供幫助，即使存在一點語言障礙。菜單和翻譯：需要注意的一點是他們沒有英文菜單，但不用擔心——谷歌翻譯是你最好的朋友。您可以輕鬆地在手機上翻譯菜單項，而且工作人員也理解這一點，所以完全沒有麻煩。食物品質：食物總體很棒，儘管不是完美。菜餚烹調精良，味道鮮美，令人滿意。這是簡單但美味的日本料理——絕對物超所值。雖然其外觀可能不如一些高檔場所那麼精緻，但其品質和味道彌補了這一點。地點：Teishoku 8位於二樓，與Sushi Express共享空間。這裡的氣氛休閒輕鬆，是遊覽後舒適的用餐地點。最後的想法：如果您想在台灣享用豐盛而正宗的日本料理，Teishoku 8 是一個不錯的選擇。雖然存在一些語言和菜單障礙，但工作人員的友好和食物的品質彌補了這一點。這不是一個高檔的地方，但絕對是一個值得嘗試、享受令人滿意的餐點的地方。', '不錯，但可以更好我最近去了帝食8西門，發現體驗還可以。食物不錯，但份量大小有所不同——有些份量很小，而有些份量稍大一些。如果您飯量很大，您可能會發現自己想要吃更多。飲料不錯，雖然沒有什麼特別的，但是服務還是不錯的。至於服務和氛圍，相當標準。沒有什麼特別突出的東西，所以不要期待任何超出基本的東西。整體而言，這是一次普通的用餐體驗。如果你在該地區並且想找一些簡單的東西，那麼這裡是個不錯的選擇，但不需要你費盡心思去尋找。', '我已經好幾年沒去過Teishoku 8了，它確實讓我回憶起了很多往事。他們的菜單和以前不同，遺憾的是分店比幾年前少了。我吃了一份海鮮蓋飯和一杯火龍果荔枝特飲。此外，自助區還提供無限量的大麥茶、味噌湯和米飯。您也可以先付款並自助餐具。鮭魚、鮪魚和馬林魚生魚片味道都很新鮮美味。其中鮪魚的肉質最為鮮嫩。然而，鯡魚子是海鮮中最好的部分，因為它質地酥脆，味道鮮美。這裡的蝦子比較容易吃，因為蝦皮已經和蝦肉分開了。米飯煮得很好，與海鮮很搭配。這種特殊的飲料味道和可爾必思很相似，作為可爾必思的忠實粉絲，我強烈推薦它。底部有一些肉，那部分味道很甜。另外，味噌湯裡散落著很多魚，這也是我喜歡它的主要原因。總的來說，食物味道不錯，烹飪速度很快。價格也是大多數人可以負擔的。整體來說，滿分 10 分，得分 9.5 分！']"
西門站,帕斯塔義麵所,4.4,916,"['蔬菜湯嘗起來像水，美式咖啡味道淡而無味，義大利麵味道很淡。唯一好的產品是麵包。', '餐廳的裝潢給人一種舒適的氛圍，在 XMD 長途散步後，可以在這裡放鬆一下。我點了海鮮義大利麵和湯飲套餐。義大利麵從質地上來說稍微硬一點。不過，我對蔬菜湯不太滿意。味道不怎麼樣，高麗菜太生了。我的這套價格大約是340台幣。', '食物很差勁。義大利麵味道很淡，我不得不加很多食鹽。可樂沒氣了（我不知道怎麼會弄亂它）。玉米湯非常好吃。唯一好的是環境很舒適。']"
西門站,Rakumenya Ximen Restaurant,4.2,3384,"['這根本就不是一頓好飯。儘管服務生的服務非常出色，但是他們的菜單卻非常煩人，因為點餐都需要透過網站上的二維碼進行，而這個網站的效果並不好。由於某種原因，需要電話號碼才能下訂單。即使選擇英文選單，它仍然會以中文顯示菜餚描述。幸運的是，當我們叫她過來時，這位好心的女士能夠幫助我們。而且冷氣開得非常大，台北的夜晚非常寒冷。當我們因為感覺不舒服而要求換桌子時，那位好心的女士再次把空調調低了。食物本身價格過高，而且非常糟糕。從我的照片中你可以看出，豬肉片幾乎都是肥肉，味道很糟。我絕對不會再來，因為我在台灣吃過的幾乎所有拉麵都比這家好很多。', '中國麵條冒充日本拉麵。它看起來像拉麵，味道和氣味就像典型的中國麵條菜。必須掃描選單的二維碼才能下載 LINE。沒有 LINE，所以他們遞了一台有靈敏度問題的平板電腦給我們。附近有更多更好的選擇，實在不推薦這個地方。唯一的安慰是這個地方營業至深夜。', '非常好的地方，可以享用美味的拉麵。等待的時間不太長，工作人員樂於助人、友善。拉麵很好吃，但太辣了，不能掉以輕心。焦糖糖果非常好吃，推薦。下次去西門町時一定會再來的。價格對於食物的品質來說是合理的。']"
西門站,Shabu Le Wagyu Hot Pot,4.9,24515,"['一個享用美味火鍋的好地方！只能推薦它，而且價格合理！肉質絕對棒極了！而且你們的火鍋自助餐很豐盛，新鮮又美味！我們喝了不同的湯，說實話，無法決定哪一種比較好，因為它們都很好吃。服務非常友好，服務機器人簡直令人難以置信。您甚至可以吃一些冰淇淋作為甜點，讓您的體驗更加美好。餓著肚子來這裡，享受台北最好的美食之一！', '當然！以下是對一家火鍋店的英文評論： [餐廳名稱] 評論我最近去了 [餐廳名稱] 體驗火鍋，我必須說，這真是太棒了！氛圍舒適溫馨，是休閒用餐和舉辦特殊活動的完美場所。配料的種類繁多令人印象深刻。他們提供各種新鮮蔬菜、優質肉類和美味的海鮮。我特別喜歡大理石牛肉和蝦，它們都非常鮮嫩可口。肉湯選擇是另一個亮點。我選了四川辣湯，味道濃鬱、口感豐富。火候剛剛好！我的朋友選擇了草藥湯，她很喜歡它的芳香和舒緩的感覺。服務周到、友善。我們的服務生對菜單很了解，並給了很好的搭配建議。總的來說，我在 [餐廳名稱] 的體驗非常愉快，我絕對會向任何想要享受美味火鍋的人推薦它！請隨意自訂您所造訪過的餐廳的具體細節！ 뤼', '這個地方真是太棒了。您可以透過手機掃描二維碼訂購肉類和海鮮。機器人很快就送貨了。最好的是自助式蔬菜/餃子/魚丸吧。你只需拿起你想要的東西並將其帶到你的桌子上。這非常方便，您可以控制所需的數量。醬料吧也有很多選擇。有許多飲料可供選擇，包括汽水、茶、巧克力牛奶、好時冰飲。只是一堆東西。我一定會再來的，我向所有想在台北找一家好火鍋店的人推薦這家店']"
西門站,三十三間堂/台北美食/台北日本料理/台北無菜單料理/台北餐廳/萬華美食/西門町美食,4.7,2034,"['味道鮮美、賞心悅目的日本風味菜餚！服務很棒，店主非常有趣且樂於助人。我一定會再來的🙏', '食物很棒。很久沒吃過這麼多東西了，但真的太好吃了。', '室內充滿日式氛圍，老闆和菜餚都很有趣。新鮮的食材讓肚子飽足的。編輯：不確定是否因為我吃了其他食物（午餐後沒有食慾，想不起來任何食物），第二天早上 5 點以上出現嚴重腹瀉。儘管我們已經按照預算進行了預訂，但由於向我們收取的最終價格發生變化，在發布了先前的評論後，體驗非常不愉快。雖然老闆告訴我們由於最近食材價格上漲，價格會上漲，但這只在用餐過程中提到。']"
西門站,Piu! Piu! Pizza mafia｜台北西門餐酒館｜人氣美食酒吧｜熱門咖啡廳｜寵物友善｜調酒BAR｜西門宵夜必吃｜網美餐廳｜公司聚餐｜慶生約會餐廳,4.7,1101,"['我發現台灣缺披薩店，所以我找到了 Piu！呪！是一個驚喜。我們決定嘗試他們的披薩，我們點了洋蔥圈作為開胃菜，經典瑪格麗塔披薩和四騎士披薩，甜點是奶油巴斯克起司蛋糕。他們的起司蛋糕棒極了。我可以只為了吃起司蛋糕就去那裡。洋蔥圈也很好吃。所用的麵糊做得很好，炸得也恰到好處。披薩味道很棒。也許披薩餅皮需要再烤一點，但還是可以的。如果您在台灣並且想吃披薩，我推薦這個地方，因為周圍沒有很多披薩店。', '新鮮的手工製作的扁麵包式披薩。我吃了瑪格麗特，這是一頓美味的餐點，配有新鮮的葡萄番茄，清爽又甜美。馬蘇里拉起司、羅勒和少許帕瑪起司。可口的。靠近台北車站和新門町地區。', '我們吃披薩。它們非常美味。推薦《惡魔的穿著nada》。奶昔也很棒。桌子有點不穩定，而且對西方人來說，椅子也不太舒服。這個地方很容易找到。我們不得不等了 10 分鐘才有桌子，所以這是一個很受歡迎的地方。']"
西門站,Mammy pancake,4.8,581,"['這真是太神奇了，我在一條小街上發現了它，但它卻被低估了。我花 110 元買了抹茶色的，抹茶色是鮮豔的綠色，非常漂亮，但是抹茶味卻很淡。但仍然非常推薦它們，有甜味和鹹味的口味，而且聽起來都很不錯！', '通常，我不太喜歡港式泡泡餅，但這些泡泡餅很特別，因為泡泡比標準的泡泡要小一些，而且更有嚼勁，而台灣蔥蛋泡芙（限時優惠）鹹味的非常美味，讓我想起了泰國的“Kanom Krok”，但沒有椰子奶油。', '身為華夫餅愛好者，這道美食超出了預期！酥脆的邊緣和柔軟、如雲朵般的內部是無與倫比的。它沒有讓人失望；感覺就像我在香港原來的 Mammy Pancake 分店。迫不及待想再來品嚐！']"
西門站,平哥炭烤/烤肉/炭烤/碳烤/海鮮/啤酒/小酌/聚餐/餐酒/包廂/宵夜 /外帶美食「PING」,4.6,277,"['2024 年 7 月 6 日 在市場區域的每個地方都很難找到一張可供 6 人舒服坐的桌子。大多數餐廳或商店都很小，所以我們需要擠在兩張小桌子和有限的空間裡。我喜歡這個地方，因為所有的食物都是燒烤，油膩較少。有些地方是炸的。您可以選擇辣或不辣，也可以要求配上辣椒片。它和一杯冰鎮🍺 很相配。不過遺憾的是，我去的時候這裡的啤酒不太好。還會回來的。', '我們比預定的樓上餐廳提前到達了，但是他們不能接待我們，所以我們選擇了樓下這家小燒烤店。天哪，食物又好又便宜，美味又健康，所有這些一共是 1,225 美元，非常適合音樂會後的快餐，我們喜歡坐在人行道邊，放鬆和享受樂趣。確保您不會錯過這個地方！附言：老闆非常友善。', '燒烤串調味適宜，味道鮮美，香氣濃鬱。']"
西門站,Just Amazing Inside,4.4,3904,"['所有員工都提供優質的服務。他們都非常有禮貌並且熱情。這個場地是一個適合安靜約會的好地方。我很喜歡起司燴飯，而且他們的烏龍茶加冰奶塊也很有趣。然而，他們的提拉米蘇卻令人失望。咖啡和奶油層非常美味，但甜點的中心只是普通的密實海綿蛋糕，沒有什麼味道和質感。這個蛋糕看起來很美觀，但不值這個價錢。', '我以前和我最好的朋友來過這裡，她推薦這家咖啡，因為味道非常好😊然後上個月我又和我的丈夫來到這裡，因為我想和他分享西門町附近的美味食物和美學咖啡，他說是的，很棒的咖啡😍☺️', '非常感謝陳淑好的優質服務與耐心！作為來自新加坡的首次遊客，我們對訂購流程並不確定。我還患有嚴重的食物過敏，尤其是對奶油、起司和奶油。 陳淑好非常細心，確保我的餐點安全且不含任何過敏原。她的善良體貼確實令人感激！']"
西門站,Coba Sushi,4.5,1814,"['菜餚的上菜順序不對（沙拉和開胃菜是在美味的鰻魚之後上菜的）。生魚片很新鮮。天婦羅很脆，但我覺得麵糊可以比較輕。整體來說，食物賣相不錯。', '我們從 Google 地圖上的評論者那裡找到了這家餐廳。這是一家非常好的餐廳，食物美味又新鮮。受到店主的熱情歡迎。我們點了4份菜單，還得到了店主免費的特色冰淇淋😍 鮭魚toro/鮭魚蓋飯和台灣魚非常新鮮。炸蝦天婦羅又脆又少油我很喜歡👍🏻最後一個是老闆送的冰淇淋。它非常可愛和溫暖，我推薦你來嘗試這家餐廳。非常值得。', '我們去流浪了。當她前往一家距此約 2 公里的餐廳時，那位女士精疲力竭，開始抱怨自己餓了（因為餓而生氣）。所以她看到這個地方並立即推薦了壽司。可愛的女經理在門口邀請我們進去。我們在京都，沒有坐飛機。食物很新鮮。很快，而且非常美味。工作人員竭盡全力提供服務並且非常樂於助人。我的薩巴很完美。']"
西門站,Gan Mei Alley,4.3,3160,"['我透過谷歌地圖發現了台北的甘梅巷，我很高興我這麼做了！我經過時偶然發現了這家小餐廳，看了菜單後決定去看看。雖然菜單是普通話的，但外面貼有實用的圖片選單，如果您不懂該語言，可以更容易理解。進去後，您需要填寫一張紙來選擇您的訂單。我吃了豬肉餃子、辣煎蛋捲和一些白米飯。食物很美味，而且他們還隨餐提供免費茶水，這點很貼心。請注意，服務費為 10%，但我想這沒關係。整體來說，我對在甘梅巷的體驗非常滿意。食物很美味，服務很好，氣氛很舒適。我強烈向所有來該地區旅遊的人推薦它！', '吃了： - 蔥炒牛肉（味道還可以） - 這是一頓飯（配有芽菜，時令蔬菜，在這種情況下是炒捲心菜，白米飯和麻糬）。麻糬還不錯。 - 招牌韭黃鐵板湯包（裡面沒有湯，菜很油膩，沒有達到我們的期望）。 - 客家炒板條出奇的好吃👍🏻 甜中帶鹹。帶有一絲芳香和炒香味。 - 剝皮辣椒烘蛋也不錯。 👍🏻 空氣煎蛋捲－客家麻油雞湯令人失望。我們旁邊的桌子顏色較深。我們的湯味道很淡，又油膩。它只是有著芝麻油的味道。我不推薦這個。', '雖然旅客的評價都很好，但我們點的食物很淡。有些菜看起來不錯，但味道卻不佳。不符合我的預期。']"
西門站,3 Coins,4.1,4598,"['脆皮烤鴨是我嚐過的最好的烤鴨之一，皮膚非常脆。需提前1天預訂。蘆筍令人失望。但是鹹菜鴨湯很好吃。也喜歡有「鍋嗨」的炒米粉。', '我們為家人預訂了一間私人房間，雖然擺盤很棒，但與價格相比，食物並沒有那麼令人驚嘆。雖然我們預訂了房間，但是隔壁的大多數人因為生日而非常吵鬧，那天他們的鴨子和魚都用完了，所以我很難過。在那裡工作的人非常友好和熱情，食物也非常美味。希望有一天我能嚐嚐他們的鴨子😭。', '這家餐廳供應粵菜，烹飪風格非常精緻。座位寬敞舒適。在這裡，你不會感受到像在其他有大圓桌的餐廳裡那樣的吵雜聲。儘管菜單上有一些不太貴的菜，但服務員往往會強迫你點更高檔的菜。所以當你看到帳單時你會有點驚訝。']"
西門站,Meat Up,4.5,10468,"['我以為這只是一家適合在 IG 和 FB 上分享的高檔餐廳，但令我驚訝的是，食物很美味。我點了一份2人套餐，包括一份開胃菜（薯條）、2份甜玉米湯、2份主菜（義大利麵或米飯）和2份飲料。您可以從相當豐富的菜單中進行選擇。對於男性來說，份量足夠大，但對於女性來說，份量太大了。魷魚和魚子醬義大利麵非常好吃。蘑菇飯也是如此。我一定會再來。', '食物很棒，服務也很好，但有點吵。我不知道是不是因為餐廳很擁擠，還是因為我們坐得離廚房和酒吧很近。由於抽風扇運轉和烹飪聲音，所以聲音有點大。除此之外，一切都很棒。', '西門町的選擇無窮無盡，但空間卻非常狹小，所以這家店就坐落在一棟建築的六樓。這種富有創意的展示方式主要是為了拍照。不去台北 101 了，因為台灣的草莓🍓是…嗯。我們喜歡自己的選擇，但也知道在這個價位，台北的每家咖啡館都有自己的創意菜，值得一試。 不錯。']"
西門站,元之寶拉麵湯餃館,4.1,1514,"['萬華區附近不錯的麵館，您可以從西門站步行到這裡。推薦牛肉麵，這是台北最好吃的麵之一。牛肉很大塊，湯味道很好，麵條也挺粗。如果您想吃晚餐或吃點宵夜，這裡是個好地方。', '在西門發現了這家賣牛肉拉麵的店。我從一些網站和谷歌評論上看到這家店不錯。食物選項很長，但我只點了牛肉麵湯（140 新台幣）。麵條的量很足，口感稍有嚼勁，牛肉厚實嫩滑。不過湯的味道有點淡，不過整體來說還可以。如果您和不吃牛肉的人在一起，他們會提供麵條豬肉和梅菜，只需 70 新台幣。', '我們非常喜歡在那裡吃晚餐！份量充足，味道絕佳']"
